triplet,name,state,lat,lon,elevation_ft,snow_class,median_slr
1267:AK:SNTL,Alexander Lake,AK,61.7493,-150.89199,170.0,continental,10.0
1189:AK:SNTL,American Creek,AK,64.78969,-141.23376,1020.0,continental,10.0
1062:AK:SNTL,Anchor River Divide,AK,59.8608,-151.31494,1650.0,intermountain,10.0
1070:AK:SNTL,Anchorage Hillside,AK,61.11315,-149.68345,1910.0,intermountain,10.0
2065:AK:SNTL,Aniak,AK,61.58337,-159.57708,90.0,continental,10.0
957:AK:SNTL,Atigun Pass,AK,68.12983,-149.47817,4780.0,unknown,13.0
1182:AK:SNTL,Bettles Field,AK,66.91467,-151.53318,640.0,continental,10.0
1260:AK:SNTL,Chena Lakes,AK,64.75793,-147.21823,500.0,continental,10.0
1093:AK:SNTL,Chisana,AK,62.06947,-142.04919,3320.0,continental,10.0
958:AK:SNTL,Coldfoot,AK,67.25333,-150.183,1070.0,continental,10.0
959:AK:SNTL,Cooper Lake,AK,60.39027,-149.6936,1150.0,intermountain,9.5
1302:AK:SNTL,Creamers Field,AK,64.86534,-147.73617,440.0,continental,10.0
1303:AK:SNTL,Dahl Creek,AK,66.94517,-156.90318,250.0,continental,10.0
960:AK:SNTL,Eagle Summit,AK,65.48588,-145.41212,3630.0,unknown,13.0
1332:AK:SNTL,Elmendorf Field,AK,61.24777,-149.82331,170.0,intermountain,10.0
1071:AK:SNTL,Esther Island,AK,60.798,-148.0857,50.0,unknown,13.0
1092:AK:SNTL,Exit Glacier,AK,60.18957,-149.6228,360.0,intermountain,10.0
1268:AK:SNTL,Fielding Lake,AK,63.2026,-145.63442,3000.0,continental,10.0
1285:AK:SNTL,Flower Mountain,AK,59.39617,-136.28123,2540.0,unknown,10.0
961:AK:SNTL,Fort Yukon,AK,66.5705,-145.24553,440.0,unknown,13.0
641:AK:SNTL,Frostbite Bottom,AK,61.74699,-149.26769,2690.0,intermountain,8.89
429:AK:SNTL,Galena AK,AK,64.69662,-156.71497,340.0,continental,10.0
962:AK:SNTL,Gobblers Knob,AK,66.745,-150.6675,2040.0,unknown,13.0
956:AK:SNTL,Grandview,AK,60.60832,-149.06313,1070.0,continental,8.57
963:AK:SNTL,Granite Crk,AK,63.94382,-145.39993,1250.0,continental,10.0
964:AK:SNTL,Grouse Creek Divide,AK,60.25965,-149.34228,720.0,continental,10.0
2222:AK:SNTL,Gulkana River,AK,62.40962,-145.37513,1830.0,unknown,13.0
1270:AK:SNTL,Heen Latinee,AK,58.69652,-134.86448,2100.0,unknown,10.0
1318:AK:SNTL,Hoonah,AK,58.12411,-135.413,1520.0,intermountain,6.67
2210:AK:SNTL,Hozatka Lake,AK,65.19405,-156.64113,220.0,unknown,13.0
968:AK:SNTL,Imnaviat Creek,AK,68.61652,-149.3033,3060.0,unknown,13.0
1091:AK:SNTL,Independence Mine,AK,61.79001,-149.2839,3450.0,continental,10.0
946:AK:SNTL,Indian Pass,AK,61.06577,-149.48543,2400.0,continental,10.0
1275:AK:SNTL,Jack Wade Jct,AK,64.14797,-141.32985,3660.0,continental,10.0
1036:AK:SNTL,Johnsons Camp,AK,64.5646,-164.29257,10.0,unknown,13.0
1072:AK:SNTL,Kantishna,AK,63.53667,-150.98593,1590.0,unknown,11.25
1175:AK:SNTL,Kelly Station,AK,67.9297,-162.2906,300.0,continental,10.0
966:AK:SNTL,Kenai Moose Pens,AK,60.72499,-150.47369,290.0,continental,10.0
947:AK:SNTL,Little Chena Ridge,AK,65.12422,-146.7339,2150.0,continental,10.0
1001:AK:SNTL,Long Lake,AK,58.186,-133.83217,840.0,intermountain,9.17
768:AK:SNTL,Look Eyrie,AK,63.32192,-145.59655,5040.0,unknown,10.0
1265:AK:SNTL,Lower Kachemak Creek,AK,59.73516,-150.69429,1960.0,unknown,13.0
1096:AK:SNTL,May Creek,AK,61.34918,-142.69355,1550.0,continental,10.0
785:AK:SNTL,McGrath,AK,62.94652,-155.6102,340.0,continental,10.0
1003:AK:SNTL,Mcneil Canyon,AK,59.74521,-151.25839,1350.0,intermountain,13.0
1191:AK:SNTL,Mcneil River SGS,AK,59.08358,-154.27785,110.0,unknown,13.0
1064:AK:SNTL,Middle Fork Bradley,AK,59.77711,-150.75698,2330.0,unknown,13.0
1094:AK:SNTL,Monahan Flat,AK,63.30464,-147.64883,2690.0,unknown,10.0
949:AK:SNTL,Monument Creek,AK,65.07738,-145.87358,1840.0,continental,10.0
1176:AK:SNTL,Moore Creek Bridge,AK,59.58668,-135.19455,2250.0,unknown,13.0
1035:AK:SNTL,Moraine,AK,61.37727,-148.99917,2010.0,continental,10.0
1103:AK:SNTL,Mt. Alyeska,AK,60.95842,-149.08858,1500.0,intermountain,10.0
1073:AK:SNTL,Mt. Eyak,AK,60.55648,-145.72201,1450.0,maritime,6.0
948:AK:SNTL,Mt. Ryan,AK,65.25113,-146.15133,2750.0,continental,10.0
950:AK:SNTL,Munson Ridge,AK,64.85168,-146.21215,3020.0,continental,10.0
2081:AK:SNTL,Nenana,AK,64.68582,-148.9113,370.0,unknown,13.0
1037:AK:SNTL,Nuka Glacier,AK,59.69804,-150.71163,1230.0,unknown,13.0
1301:AK:SNTL,Paradise Hill,AK,62.83329,-141.40918,2010.0,continental,10.0
986:AK:SNTL,Pargon Creek,AK,64.99619,-163.10514,90.0,unknown,13.0
1327:AK:SNTL,Pilgrim Hot Springs,AK,65.09455,-164.92472,20.0,continental,10.0
987:AK:SNTL,Port Graham,AK,59.35065,-151.84768,270.0,intermountain,13.0
1177:AK:SNTL,Prudhoe Bay,AK,70.28062,-148.89778,50.0,unknown,13.0
973:AK:SNTL,Rocky Point,AK,64.54988,-163.48399,180.0,unknown,13.0
1183:AK:SNTL,Sagwon,AK,69.42417,-148.6925,1000.0,unknown,13.0
1330:AK:SNTL,Seven Mile,AK,65.93772,-149.8631,660.0,continental,10.0
2044:AK:SNTL,Spring Creek,AK,61.65653,-149.12926,590.0,unknown,13.0
1095:AK:SNTL,Sugarloaf Mtn,AK,61.08042,-146.30202,530.0,unknown,13.0
955:AK:SNTL,Summit Creek,AK,60.61713,-149.53128,1340.0,continental,10.0
967:AK:SNTL,Susitna Valley High,AK,62.13245,-150.04391,360.0,continental,10.0
1266:AK:SNTL,Telaquana Lake,AK,60.98347,-153.91866,1250.0,continental,10.5
951:AK:SNTL,Teuchet Creek,AK,64.94763,-145.52079,1560.0,continental,12.5
2080:AK:SNTL,Tok,AK,63.32529,-143.03834,1640.0,continental,13.0
1089:AK:SNTL,Tokositna Valley,AK,62.62918,-150.7741,840.0,continental,11.67
954:AK:SNTL,Turnagain Pass,AK,60.78043,-149.18325,1860.0,continental,10.0
952:AK:SNTL,Upper Chena,AK,65.09852,-144.93318,2790.0,continental,10.0
1090:AK:SNTL,Upper Nome Creek,AK,65.3671,-146.592,2500.0,continental,11.25
1055:AK:SNTL,Upper Tsaina River,AK,61.19112,-145.64807,1730.0,continental,10.0
308:AZ:SNTL,Baker Butte,AZ,34.45654,-111.40651,7360.0,intermountain,13.0
1140:AZ:SNTL,Baker Butte Smt,AZ,34.45552,-111.38262,7730.0,intermountain,13.0
310:AZ:SNTL,Baldy,AZ,33.97845,-109.50357,9210.0,intermountain,13.0
1212:AZ:SNTL,Bar M,AZ,34.86142,-111.60497,6380.0,maritime,13.0
902:AZ:SNTL,Beaver Head,AZ,33.69115,-109.21685,8070.0,unknown,13.0
1143:AZ:SNTL,Beaver Spring,AZ,36.32671,-109.05702,9240.0,intermountain,6.67
1139:AZ:SNTL,Chalender,AZ,35.26238,-112.06221,7020.0,intermountain,13.0
416:AZ:SNTL,Coronado Trail,AZ,33.80418,-109.15352,8400.0,unknown,13.0
1121:AZ:SNTL,Fort Valley,AZ,35.26773,-111.74479,7360.0,unknown,13.0
488:AZ:SNTL,Fry,AZ,35.07356,-111.84477,7220.0,maritime,13.0
511:AZ:SNTL,Hannagan Meadows,AZ,33.65352,-109.30877,9030.0,intermountain,5.83
969:AZ:SNTL,Happy Jack,AZ,34.74594,-111.41219,7520.0,intermountain,5.42
1271:AZ:SNTL,Hawley Lake,AZ,33.97121,-109.76531,8290.0,maritime,5.0
519:AZ:SNTL,Heber,AZ,34.31254,-110.75433,7650.0,intermountain,13.0
617:AZ:SNTL,Maverick Fork,AZ,33.92123,-109.45872,9210.0,intermountain,7.14
640:AZ:SNTL,Mormon Mountain,AZ,34.94141,-111.51864,7490.0,maritime,13.0
1125:AZ:SNTL,Mormon Mtn Summit,AZ,34.96942,-111.50868,8450.0,unknown,4.72
1127:AZ:SNTL,Nutrioso,AZ,33.89791,-109.15465,8550.0,intermountain,5.0
705:AZ:SNTL,Promontory,AZ,34.36848,-111.01088,7930.0,unknown,13.0
927:AZ:SNTL,Snowslide Canyon,AZ,35.34179,-111.65084,9720.0,unknown,5.83
861:AZ:SNTL,White Horse Lake,AZ,35.14189,-112.14966,7190.0,intermountain,13.0
866:AZ:SNTL,Wildcat,AZ,33.74347,-109.48078,7850.0,intermountain,13.0
877:AZ:SNTL,Workman Creek,AZ,33.81259,-110.91852,7030.0,unknown,13.0
301:CA:SNTL,Adin Mtn,CA,41.23583,-120.79192,6170.0,unknown,7.14
356:CA:SNTL,Blue Lakes,CA,38.60801,-119.92455,8060.0,maritime,6.79
1051:CA:SNTL,Burnside Lake,CA,38.71943,-119.8942,8180.0,intermountain,7.5
1067:CA:SNTL,Carson Pass,CA,38.6927,-120.0022,8360.0,maritime,6.67
391:CA:SNTL,Cedar Pass,CA,41.58216,-120.30253,7060.0,maritime,8.0
977:CA:SNTL,Crowder Flat,CA,41.89318,-120.75202,5180.0,intermountain,13.0
428:CA:SNTL,Css Lab,CA,39.32565,-120.36807,6890.0,maritime,7.5
446:CA:SNTL,Dismal Swamp,CA,41.99127,-120.18033,7370.0,maritime,7.27
462:CA:SNTL,Ebbetts Pass,CA,38.5497,-119.80468,8660.0,maritime,6.55
463:CA:SNTL,Echo Peak,CA,38.849,-120.0795,7650.0,maritime,6.74
473:CA:SNTL,Fallen Leaf,CA,38.93403,-120.0545,6250.0,maritime,10.0
1049:CA:SNTL,Forestdale Creek,CA,38.68245,-119.9597,8050.0,maritime,7.0
1277:CA:SNTL,Fredonyer Peak,CA,40.68799,-120.60805,7220.0,maritime,6.99
508:CA:SNTL,Hagans Meadow,CA,38.8519,-119.9374,7740.0,maritime,7.73
518:CA:SNTL,Heavenly Valley,CA,38.92431,-119.91641,8540.0,maritime,7.65
1050:CA:SNTL,Horse Meadow,CA,38.83652,-119.88732,8580.0,maritime,8.33
539:CA:SNTL,Independence Camp,CA,39.45269,-120.29367,6970.0,maritime,5.71
540:CA:SNTL,Independence Creek,CA,39.49001,-120.28226,6440.0,maritime,13.0
541:CA:SNTL,Independence Lake,CA,39.42752,-120.31342,8340.0,maritime,5.78
574:CA:SNTL,Leavitt Lake,CA,38.27594,-119.61281,9600.0,maritime,5.0
575:CA:SNTL,Leavitt Meadows,CA,38.30367,-119.55111,7200.0,maritime,6.67
587:CA:SNTL,Lobdell Lake,CA,38.43745,-119.36572,9260.0,maritime,9.43
1331:CA:SNTL,Lost Lakes,CA,38.64745,-119.95141,8640.0,maritime,6.0
633:CA:SNTL,Monitor Pass,CA,38.6683,-119.6087,8320.0,maritime,6.67
784:CA:SNTL,Palisades Tahoe,CA,39.18986,-120.26576,8010.0,maritime,5.86
697:CA:SNTL,Poison Flat,CA,38.50576,-119.62624,7730.0,maritime,7.27
724:CA:SNTL,Rubicon #2,CA,38.99927,-120.13139,7560.0,maritime,6.85
771:CA:SNTL,Sonora Pass,CA,38.31021,-119.6003,8770.0,maritime,9.67
778:CA:SNTL,Spratt Creek,CA,38.66627,-119.81741,6060.0,maritime,10.0
1258:CA:SNTL,State Line,CA,41.98609,-120.71574,5690.0,unknown,13.0
1052:CA:SNTL,Summit Meadow,CA,38.39747,-119.53522,9360.0,maritime,7.42
809:CA:SNTL,Tahoe City Cross,CA,39.17162,-120.15362,6760.0,maritime,5.9
834:CA:SNTL,Truckee #2,CA,39.30087,-120.18407,6500.0,maritime,7.28
846:CA:SNTL,Virginia Lakes Ridge,CA,38.07298,-119.23433,9400.0,maritime,8.75
848:CA:SNTL,Ward Creek #3,CA,39.13545,-120.21865,6750.0,maritime,6.96
1317:CA:SNTL,Willow Flat CA,CA,38.27203,-119.45124,8220.0,maritime,8.75
1344:CO:SNTL,Alta Lakes,CO,37.88929,-107.84484,11290.0,intermountain,10.0
303:CO:SNTL,Apishapa,CO,37.33067,-105.06766,10000.0,intermountain,13.0
1030:CO:SNTL,Arapaho Ridge,CO,40.35098,-106.38141,10960.0,continental,7.78
322:CO:SNTL,Bear Lake,CO,40.31176,-105.6467,9490.0,intermountain,8.75
1061:CO:SNTL,Bear River,CO,40.06152,-107.00948,9100.0,intermountain,10.0
327:CO:SNTL,Beartown,CO,37.71433,-107.5124,11580.0,intermountain,8.46
1041:CO:SNTL,Beaver Ck Village,CO,39.59871,-106.51113,8530.0,intermountain,10.0
335:CO:SNTL,Berthoud Summit,CO,39.80364,-105.77786,11300.0,intermountain,10.0
345:CO:SNTL,Bison Lake,CO,39.76458,-107.35628,10950.0,intermountain,8.75
1185:CO:SNTL,Black Mesa,CO,37.78968,-108.18376,11580.0,intermountain,10.0
1161:CO:SNTL,Black Mountain,CO,40.8879,-105.66404,8940.0,intermountain,10.0
369:CO:SNTL,Brumley,CO,39.08758,-106.54231,10570.0,intermountain,10.0
938:CO:SNTL,Buckskin Joe,CO,39.30378,-106.11316,11160.0,intermountain,10.0
913:CO:SNTL,Buffalo Park,CO,40.22838,-106.5962,9240.0,intermountain,10.0
378:CO:SNTL,Burro Mountain,CO,39.87504,-107.59902,9290.0,intermountain,10.0
380:CO:SNTL,Butte,CO,38.89435,-106.95327,10190.0,intermountain,9.37
387:CO:SNTL,Cascade #2,CO,37.65751,-107.80287,8990.0,intermountain,9.12
1326:CO:SNTL,Castle Peak,CO,39.00074,-106.83912,11510.0,intermountain,10.0
1101:CO:SNTL,Chapman Tunnel,CO,39.2621,-106.62944,10090.0,continental,10.0
1059:CO:SNTL,Cochetopa Pass,CO,38.16273,-106.5988,10020.0,intermountain,10.0
408:CO:SNTL,Columbine,CO,40.39591,-106.60437,9170.0,unknown,10.0
409:CO:SNTL,Columbine Pass,CO,38.41819,-108.38313,9160.0,maritime,6.67
904:CO:SNTL,Columbus Basin,CO,37.44146,-108.02468,10780.0,intermountain,9.64
412:CO:SNTL,Copeland Lake,CO,40.20733,-105.5695,8570.0,unknown,10.0
415:CO:SNTL,Copper Mountain,CO,39.48917,-106.17154,10500.0,intermountain,10.0
426:CO:SNTL,Crosho,CO,40.16749,-107.05769,8960.0,intermountain,10.0
430:CO:SNTL,Culebra #2,CO,37.20939,-105.19988,10560.0,intermountain,10.0
431:CO:SNTL,Cumbres Trestle,CO,37.01877,-106.45275,10030.0,intermountain,10.0
438:CO:SNTL,Deadman Hill,CO,40.80572,-105.77018,10240.0,intermountain,5.83
457:CO:SNTL,Dry Lake,CO,40.5337,-106.7814,8240.0,intermountain,10.0
936:CO:SNTL,Echo Lake,CO,39.65539,-105.59358,10660.0,unknown,13.0
465:CO:SNTL,El Diente Peak,CO,37.78607,-108.02235,10210.0,intermountain,10.0
467:CO:SNTL,Elk River,CO,40.84758,-106.96861,8710.0,unknown,8.0
1252:CO:SNTL,Elkhead Divide,CO,40.79637,-107.10113,8780.0,intermountain,10.0
1120:CO:SNTL,Elliot Ridge,CO,39.8638,-106.42473,10550.0,intermountain,6.67
1325:CO:SNTL,Elwood Pass,CO,37.40563,-106.64136,11680.0,intermountain,10.0
1186:CO:SNTL,Fool Creek,CO,39.86866,-105.86765,11130.0,intermountain,7.5
485:CO:SNTL,Fremont Pass,CO,39.38014,-106.19784,11310.0,continental,10.0
1057:CO:SNTL,Glen Cove,CO,38.87602,-105.07605,11410.0,intermountain,10.0
1058:CO:SNTL,Grayback,CO,37.47051,-106.5379,11620.0,intermountain,10.0
505:CO:SNTL,Grizzly Peak,CO,39.64646,-105.8694,11110.0,intermountain,10.0
1102:CO:SNTL,Hayden Pass,CO,38.29303,-105.85027,10700.0,intermountain,8.87
1187:CO:SNTL,High Lonesome,CO,40.0359,-105.75472,10630.0,intermountain,8.33
531:CO:SNTL,Hoosier Pass,CO,39.36092,-106.05999,11600.0,intermountain,10.0
1122:CO:SNTL,Hourglass Lake,CO,40.57717,-105.62584,9380.0,intermountain,10.0
538:CO:SNTL,Idarado,CO,37.93389,-107.6762,9780.0,unknown,12.5
542:CO:SNTL,Independence Pass,CO,39.07543,-106.61154,10570.0,intermountain,10.0
547:CO:SNTL,Ivanhoe,CO,39.29228,-106.54907,10540.0,intermountain,10.0
935:CO:SNTL,Jackwhacker Gulch,CO,39.57096,-105.80355,11030.0,intermountain,10.0
551:CO:SNTL,Joe Wright,CO,40.53285,-105.88747,10140.0,unknown,10.0
970:CO:SNTL,Jones Pass,CO,39.7645,-105.90655,10430.0,intermountain,7.5
556:CO:SNTL,Kiln,CO,39.3172,-106.61501,9610.0,intermountain,10.0
564:CO:SNTL,Lake Eldora,CO,39.93659,-105.59031,9700.0,intermountain,10.0
565:CO:SNTL,Lake Irene,CO,40.41446,-105.81941,10680.0,intermountain,10.0
580:CO:SNTL,Lily Pond,CO,37.38028,-106.54823,11070.0,intermountain,12.86
586:CO:SNTL,Lizard Head Pass,CO,37.79895,-107.92475,10190.0,intermountain,10.0
589:CO:SNTL,Lone Cone,CO,37.89169,-108.19636,9730.0,intermountain,10.0
1123:CO:SNTL,Long Draw Resv,CO,40.51154,-105.7654,9980.0,continental,10.0
940:CO:SNTL,Lost Dog,CO,40.81557,-106.74833,9350.0,intermountain,7.75
602:CO:SNTL,Loveland Basin,CO,39.67428,-105.90264,11410.0,intermountain,10.0
607:CO:SNTL,Lynx Pass,CO,40.07832,-106.67095,8910.0,intermountain,10.0
905:CO:SNTL,Mancos,CO,37.43109,-108.17005,10020.0,intermountain,7.33
618:CO:SNTL,Mc Clure Pass,CO,39.12899,-107.28834,8760.0,maritime,11.11
1040:CO:SNTL,Mccoy Park,CO,39.60231,-106.544,9500.0,intermountain,10.0
914:CO:SNTL,Medano Pass,CO,37.85192,-105.43666,9650.0,intermountain,13.0
622:CO:SNTL,Mesa Lakes,CO,39.05738,-108.05756,10160.0,intermountain,10.0
937:CO:SNTL,Michigan Creek,CO,39.43579,-105.91072,10700.0,intermountain,10.0
624:CO:SNTL,Middle Creek,CO,37.61779,-107.03932,11260.0,intermountain,10.0
1014:CO:SNTL,Middle Fork Camp,CO,39.79565,-106.02802,8960.0,intermountain,10.0
629:CO:SNTL,Mineral Creek,CO,37.84737,-107.72657,10030.0,intermountain,7.08
632:CO:SNTL,Molas Lake,CO,37.74929,-107.68933,10610.0,unknown,10.0
1124:CO:SNTL,Moon Pass,CO,37.96627,-106.55857,11110.0,intermountain,10.0
658:CO:SNTL,Nast Lake,CO,39.29695,-106.60786,8710.0,unknown,10.0
1031:CO:SNTL,Never Summer,CO,40.40392,-105.95567,10300.0,continental,10.0
663:CO:SNTL,Niwot,CO,40.03581,-105.5452,9940.0,intermountain,10.0
669:CO:SNTL,North Lost Trail,CO,39.07818,-107.14388,9190.0,intermountain,10.63
675:CO:SNTL,Overland Res.,CO,39.09035,-107.63583,9890.0,intermountain,10.0
680:CO:SNTL,Park Cone,CO,38.81982,-106.58962,9600.0,intermountain,10.0
682:CO:SNTL,Park Reservoir,CO,39.04433,-107.87951,9990.0,intermountain,10.0
688:CO:SNTL,Phantom Valley,CO,40.39803,-105.84606,9030.0,unknown,10.0
701:CO:SNTL,Porphyry Creek,CO,38.48864,-106.33967,10790.0,intermountain,10.0
709:CO:SNTL,Rabbit Ears,CO,40.36735,-106.74118,9390.0,unknown,9.29
1324:CO:SNTL,Rat Creek,CO,37.93571,-106.98192,11680.0,intermountain,10.0
1032:CO:SNTL,Rawah,CO,40.70794,-106.00727,9100.0,intermountain,8.18
713:CO:SNTL,Red Mountain Pass,CO,37.89168,-107.71389,11060.0,intermountain,10.0
717:CO:SNTL,Ripple Creek,CO,40.10844,-107.29383,10340.0,unknown,7.08
718:CO:SNTL,Roach,CO,40.87498,-106.04675,9710.0,intermountain,10.0
939:CO:SNTL,Rough And Tumble,CO,39.02611,-106.08063,10420.0,intermountain,13.0
1100:CO:SNTL,Saint Elmo,CO,38.69985,-106.36805,10420.0,intermountain,10.0
1128:CO:SNTL,Sargents Mesa,CO,38.2856,-106.37085,11490.0,intermountain,9.17
1251:CO:SNTL,Sawtooth,CO,40.13632,-105.58486,9640.0,intermountain,5.83
737:CO:SNTL,Schofield Pass,CO,39.01467,-107.04933,10640.0,intermountain,10.0
739:CO:SNTL,Scotch Creek,CO,37.64562,-108.00833,9160.0,intermountain,10.0
1060:CO:SNTL,Sharkstooth,CO,37.50356,-108.11405,10730.0,intermountain,7.89
762:CO:SNTL,Slumgullion,CO,37.99076,-107.20392,11560.0,intermountain,10.0
773:CO:SNTL,South Colony,CO,37.96647,-105.53671,10790.0,intermountain,10.0
780:CO:SNTL,Spud Mountain,CO,37.69883,-107.77841,10660.0,unknown,10.0
793:CO:SNTL,Stillwater Creek,CO,40.22532,-105.9198,8760.0,intermountain,8.75
797:CO:SNTL,Stump Lakes,CO,37.47647,-107.63348,11230.0,intermountain,10.0
802:CO:SNTL,Summit Ranch,CO,39.71803,-106.1577,9350.0,intermountain,10.0
825:CO:SNTL,Tower,CO,40.5374,-106.67655,10610.0,intermountain,6.67
827:CO:SNTL,Trapper Lake,CO,39.99881,-107.23618,9750.0,intermountain,8.29
829:CO:SNTL,Trinchera,CO,37.35296,-105.23259,10860.0,intermountain,10.0
838:CO:SNTL,University Camp,CO,40.03307,-105.57562,10330.0,intermountain,10.0
839:CO:SNTL,Upper Rio Grande,CO,37.72172,-107.25971,9370.0,unknown,10.0
840:CO:SNTL,Upper San Juan,CO,37.48563,-106.83528,10140.0,intermountain,9.0
1141:CO:SNTL,Upper Taylor,CO,38.99071,-106.74504,10710.0,intermountain,10.0
1005:CO:SNTL,Ute Creek,CO,37.6148,-105.37322,10720.0,intermountain,10.0
842:CO:SNTL,Vail Mountain,CO,39.61765,-106.38019,10290.0,intermountain,10.0
843:CO:SNTL,Vallecito,CO,37.48524,-107.50748,10740.0,intermountain,10.0
1188:CO:SNTL,Wager Gulch,CO,37.88248,-107.36428,11110.0,intermountain,10.0
1160:CO:SNTL,Weminuche Creek,CO,37.51968,-107.32139,10730.0,intermountain,10.0
857:CO:SNTL,Whiskey Ck,CO,37.21423,-105.12262,10260.0,intermountain,10.0
1042:CO:SNTL,Wild Basin,CO,40.201,-105.6025,9410.0,intermountain,10.0
869:CO:SNTL,Willow Creek Pass,CO,40.34734,-106.0952,9520.0,intermountain,10.0
870:CO:SNTL,Willow Park,CO,40.43397,-105.73588,10710.0,intermountain,10.0
874:CO:SNTL,Wolf Creek Summit,CO,37.47903,-106.80234,10930.0,intermountain,9.37
1033:CO:SNTL,Zirkel,CO,40.79492,-106.59544,9320.0,intermountain,9.33
306:ID:SNTL,Atlanta Summit,ID,43.7569,-115.23907,7570.0,maritime,6.67
312:ID:SNTL,Banner Summit,ID,44.30342,-115.23447,7040.0,intermountain,7.39
319:ID:SNTL,Bear Basin,ID,44.95222,-116.14293,5350.0,intermountain,8.33
320:ID:SNTL,Bear Canyon,ID,43.74367,-113.93797,7920.0,intermountain,7.08
323:ID:SNTL,Bear Mountain,ID,48.30583,-116.07444,5460.0,maritime,6.83
324:ID:SNTL,Bear Saddle,ID,44.60533,-116.98097,6170.0,maritime,8.38
338:ID:SNTL,Big Creek Summit,ID,44.62621,-115.79561,6550.0,maritime,6.13
978:ID:SNTL,Bogus Basin,ID,43.76377,-116.09685,6370.0,maritime,6.67
359:ID:SNTL,Bostetter R.S.,ID,42.16442,-114.19272,7530.0,maritime,6.67
370:ID:SNTL,Brundage Reservoir,ID,45.04315,-116.13253,6280.0,intermountain,8.33
382:ID:SNTL,Camas Creek Divide,ID,43.26548,-115.3453,5720.0,maritime,10.0
895:ID:SNTL,Chocolate Gulch,ID,43.7685,-114.41812,6310.0,intermountain,6.55
411:ID:SNTL,Cool Creek,ID,46.76361,-115.29528,6320.0,maritime,6.36
1306:ID:SNTL,Couch Summit,ID,43.51762,-114.80214,6780.0,intermountain,5.0
423:ID:SNTL,Cozy Cove,ID,44.28846,-115.65508,5410.0,intermountain,7.5
424:ID:SNTL,Crab Creek,ID,44.437,-111.99384,6870.0,intermountain,13.0
425:ID:SNTL,Crater Meadows,ID,46.56394,-115.28903,5960.0,unknown,5.0
439:ID:SNTL,Deadwood Summit,ID,44.54492,-115.56386,6990.0,intermountain,7.1
450:ID:SNTL,Dollarhide Summit,ID,43.6025,-114.67417,8390.0,unknown,6.0
466:ID:SNTL,Elk Butte,ID,46.83998,-116.12233,5680.0,maritime,6.67
471:ID:SNTL,Emigrant Summit,ID,42.36055,-111.56085,7390.0,intermountain,6.67
1305:ID:SNTL,Fish Ck,ID,43.55545,-113.71931,6380.0,unknown,13.0
484:ID:SNTL,Franklin Basin,ID,42.0505,-111.6012,8140.0,unknown,6.0
489:ID:SNTL,Galena,ID,43.87722,-114.6725,7470.0,unknown,7.08
490:ID:SNTL,Galena Summit,ID,43.87497,-114.71363,8790.0,unknown,8.09
492:ID:SNTL,Garfield R.S.,ID,43.6104,-113.9308,6580.0,unknown,6.25
493:ID:SNTL,Giveout,ID,42.4132,-111.1663,6940.0,intermountain,10.0
496:ID:SNTL,Graham Guard Sta.,ID,43.9538,-115.27387,5690.0,unknown,6.67
520:ID:SNTL,Hemlock Butte,ID,46.48111,-115.63361,5800.0,unknown,5.0
988:ID:SNTL,Hidden Lake,ID,48.89368,-116.75743,5000.0,intermountain,6.46
524:ID:SNTL,Hilts Creek,ID,44.01896,-113.47242,8090.0,maritime,6.67
534:ID:SNTL,Howell Canyon,ID,42.32029,-113.61587,8010.0,maritime,5.0
535:ID:SNTL,Humboldt Gulch,ID,47.53178,-115.77643,4260.0,maritime,6.07
537:ID:SNTL,Hyndman,ID,43.71077,-114.15894,7590.0,unknown,7.75
546:ID:SNTL,Island Park,ID,44.4203,-111.38512,6300.0,intermountain,8.33
550:ID:SNTL,Jackson Peak,ID,44.05092,-115.44322,7060.0,maritime,6.67
588:ID:SNTL,Lolo Pass,ID,46.63448,-114.58072,5280.0,maritime,8.33
1016:ID:SNTL,Long Valley,ID,44.78835,-116.08878,4890.0,intermountain,7.32
594:ID:SNTL,Lookout,ID,47.45749,-115.70457,5180.0,maritime,6.67
600:ID:SNTL,Lost Lake,ID,47.0809,-115.9604,6090.0,maritime,6.0
601:ID:SNTL,Lost-Wood Divide,ID,43.82441,-114.26404,7870.0,intermountain,6.41
610:ID:SNTL,Magic Mountain,ID,42.18071,-114.28665,6940.0,maritime,10.0
620:ID:SNTL,Meadow Lake,ID,44.43655,-113.31815,9190.0,intermountain,6.0
623:ID:SNTL,Mica Creek,ID,47.15045,-116.26643,4480.0,maritime,7.5
627:ID:SNTL,Mill Creek Summit,ID,44.47212,-114.48992,8780.0,intermountain,7.5
636:ID:SNTL,Moonshine,ID,44.41478,-113.39814,7490.0,intermountain,7.08
638:ID:SNTL,Moose Creek,ID,45.67008,-113.95315,6170.0,unknown,8.33
637:ID:SNTL,Mores Creek Summit,ID,43.932,-115.66588,6090.0,maritime,10.0
639:ID:SNTL,Morgan Creek,ID,44.84237,-114.26871,7620.0,unknown,6.67
989:ID:SNTL,Moscow Mountain,ID,46.805,-116.8535,4700.0,maritime,5.56
645:ID:SNTL,Mosquito Ridge,ID,48.05726,-116.23055,5270.0,maritime,8.0
650:ID:SNTL,Mountain Meadows,ID,45.69694,-115.22972,6340.0,intermountain,7.64
654:ID:SNTL,Mud Flat,ID,42.6004,-116.55925,5750.0,intermountain,13.0
1053:ID:SNTL,Myrtle Creek,ID,48.72263,-116.46312,3540.0,maritime,8.17
677:ID:SNTL,Oxford Spring,ID,42.26024,-112.12523,6790.0,maritime,6.67
1299:ID:SNTL,Pebble Creek,ID,42.7674,-112.10648,6520.0,maritime,5.0
1142:ID:SNTL,Pierce R.S.,ID,46.49597,-115.7957,3080.0,maritime,5.5
695:ID:SNTL,Pine Creek Pass,ID,43.56998,-111.21157,6710.0,maritime,10.0
704:ID:SNTL,Prairie,ID,43.50513,-115.573,4800.0,unknown,13.0
782:ID:SNTL,Puhi Flat,ID,44.77091,-116.24805,6240.0,intermountain,8.83
1081:ID:SNTL,Ragged Mountain,ID,47.85583,-117.03667,4210.0,maritime,6.67
2029:ID:SNTL,Reynolds Creek,ID,43.28863,-116.8431,5590.0,maritime,13.0
735:ID:SNTL,Savage Pass,ID,46.46633,-114.63333,6170.0,unknown,7.8
915:ID:SNTL,Schwartz Lake,ID,44.84618,-113.83732,8620.0,maritime,7.92
738:ID:SNTL,Schweitzer Basin,ID,48.37428,-116.63917,6090.0,intermountain,6.67
740:ID:SNTL,Secesh Summit,ID,45.18848,-115.97152,6530.0,maritime,7.5
741:ID:SNTL,Sedgwick Peak,ID,42.52463,-111.95632,7800.0,intermountain,7.0
747:ID:SNTL,Shanghi Summit,ID,46.56603,-115.74216,4590.0,maritime,6.67
749:ID:SNTL,Sheep Mtn.,ID,43.2103,-111.68792,6630.0,maritime,10.0
752:ID:SNTL,Sherwin,ID,46.95028,-116.33972,3190.0,maritime,13.0
761:ID:SNTL,Slug Creek Divide,ID,42.56248,-111.29797,7240.0,intermountain,6.67
926:ID:SNTL,Smiley Mountain,ID,43.72718,-113.83402,9540.0,intermountain,6.0
769:ID:SNTL,Soldier R.S.,ID,43.48407,-114.82692,5780.0,maritime,13.0
770:ID:SNTL,Somsen Ranch,ID,42.95275,-111.35933,6830.0,maritime,9.29
774:ID:SNTL,South Mtn.,ID,42.76476,-116.90029,6650.0,maritime,13.0
792:ID:SNTL,Stickney Mill,ID,43.86117,-114.20902,7440.0,unknown,8.33
803:ID:SNTL,Sunset,ID,47.55545,-115.82422,5570.0,maritime,8.0
805:ID:SNTL,Swede Peak,ID,43.626,-113.96887,7640.0,unknown,5.5
830:ID:SNTL,Trinity Mtn.,ID,43.62903,-115.43818,7790.0,intermountain,6.33
979:ID:SNTL,Van Wyck,ID,44.37665,-116.3366,4960.0,maritime,5.0
845:ID:SNTL,Vienna Mine,ID,43.79942,-114.85273,8930.0,intermountain,6.25
855:ID:SNTL,West Branch,ID,45.0722,-116.45413,5590.0,unknown,6.47
860:ID:SNTL,White Elephant,ID,44.53267,-111.41085,7670.0,intermountain,5.45
867:ID:SNTL,Wildhorse Divide,ID,42.75743,-112.47783,6480.0,maritime,5.0
871:ID:SNTL,Wilson Creek,ID,42.01257,-115.00278,7110.0,maritime,5.0
916:MT:SNTL,Albro Lake,MT,45.59723,-111.95902,8500.0,intermountain,5.85
307:MT:SNTL,Badger Pass,MT,48.13091,-113.02311,6870.0,intermountain,6.97
311:MT:SNTL,Banfield Mountain,MT,48.5712,-115.44573,5580.0,maritime,9.17
313:MT:SNTL,Barker Lakes,MT,46.09713,-113.13038,8250.0,intermountain,10.0
315:MT:SNTL,Basin Creek,MT,45.79737,-112.52047,7120.0,intermountain,10.0
1190:MT:SNTL,Bassoo Peak,MT,47.85562,-114.75841,5130.0,maritime,10.0
318:MT:SNTL,Beagle Springs,MT,44.47147,-112.98191,8880.0,intermountain,7.5
328:MT:SNTL,Beaver Creek,MT,44.94966,-111.35852,7820.0,unknown,6.67
346:MT:SNTL,Bisson Creek,MT,47.68386,-113.99895,4880.0,maritime,7.84
347:MT:SNTL,Black Bear,MT,44.50832,-111.12803,8160.0,intermountain,7.14
349:MT:SNTL,Black Pine,MT,46.414,-113.43095,7170.0,maritime,6.67
1144:MT:SNTL,Blacktail Mtn,MT,47.98317,-114.35443,5660.0,unknown,6.67
355:MT:SNTL,Bloody Dick,MT,45.16507,-113.50099,7570.0,intermountain,10.0
360:MT:SNTL,Boulder Mountain,MT,46.5596,-111.28973,7890.0,intermountain,5.0
363:MT:SNTL,Box Canyon,MT,45.27178,-110.24899,6720.0,maritime,8.0
365:MT:SNTL,Brackett Creek,MT,45.89107,-110.93851,7370.0,maritime,7.14
981:MT:SNTL,Burnt Mtn,MT,45.2401,-109.45961,5920.0,unknown,8.33
381:MT:SNTL,Calvert Creek,MT,45.8838,-113.32553,6410.0,maritime,8.04
385:MT:SNTL,Carrot Basin,MT,44.96192,-111.29403,9200.0,intermountain,6.83
1312:MT:SNTL,Chicago Ridge,MT,48.06224,-115.69748,5700.0,unknown,6.67
403:MT:SNTL,Clover Meadow,MT,45.01788,-111.8456,8770.0,intermountain,10.0
407:MT:SNTL,Cole Creek,MT,45.19405,-109.34548,7910.0,intermountain,8.0
410:MT:SNTL,Combination,MT,46.46523,-113.39358,5620.0,intermountain,5.0
413:MT:SNTL,Copper Bottom,MT,47.05678,-112.595,5200.0,maritime,10.0
414:MT:SNTL,Copper Camp,MT,47.08158,-112.72955,6980.0,intermountain,5.63
427:MT:SNTL,Crystal Lake,MT,46.78936,-109.51202,6130.0,maritime,10.0
919:MT:SNTL,Daisy Peak,MT,46.66858,-110.33022,7590.0,intermountain,10.0
433:MT:SNTL,Daly Creek,MT,46.18367,-113.8533,5780.0,maritime,10.0
436:MT:SNTL,Darkhorse Lake,MT,45.17368,-113.5846,8930.0,intermountain,6.0
437:MT:SNTL,Deadman Creek,MT,46.79279,-110.67545,6440.0,intermountain,10.0
448:MT:SNTL,Divide,MT,44.79317,-112.05645,7770.0,intermountain,10.0
458:MT:SNTL,Dupuyer Creek,MT,48.06341,-112.7573,5740.0,maritime,10.0
1105:MT:SNTL,East Boulder Mine,MT,45.50381,-110.08019,6310.0,intermountain,10.0
1316:MT:SNTL,Elk Peak Alt,MT,46.47617,-110.72148,7820.0,intermountain,6.67
469:MT:SNTL,Emery Creek,MT,48.43412,-113.93725,4340.0,maritime,6.67
480:MT:SNTL,Fisher Creek,MT,45.06235,-109.94488,9110.0,intermountain,5.0
482:MT:SNTL,Flattop Mtn.,MT,48.80225,-113.85713,6280.0,unknown,6.55
487:MT:SNTL,Frohner Meadow,MT,46.43545,-112.19277,6520.0,maritime,10.0
918:MT:SNTL,Garver Creek,MT,48.97523,-115.81915,4250.0,maritime,10.0
500:MT:SNTL,Grave Creek,MT,48.91453,-114.76663,4350.0,intermountain,8.75
510:MT:SNTL,Hand Creek,MT,48.30754,-114.84075,5030.0,maritime,10.0
516:MT:SNTL,Hawkins Lake,MT,48.9724,-115.95344,6460.0,unknown,8.33
530:MT:SNTL,Hoodoo Basin,MT,46.97511,-115.03486,6060.0,intermountain,6.67
1287:MT:SNTL,JL Meadow,MT,44.77665,-113.12217,8750.0,intermountain,7.08
562:MT:SNTL,Kraft Creek,MT,47.42749,-113.77515,4770.0,maritime,7.69
568:MT:SNTL,Lakeview Ridge,MT,44.58907,-111.82498,7340.0,maritime,9.0
576:MT:SNTL,Lemhi Ridge,MT,44.9938,-113.44399,8080.0,intermountain,10.0
578:MT:SNTL,Lick Creek,MT,45.5041,-110.96625,6880.0,intermountain,10.0
590:MT:SNTL,Lone Mountain,MT,45.27412,-111.42692,8820.0,intermountain,9.17
603:MT:SNTL,Lower Twin,MT,45.50871,-111.92288,7920.0,unknown,10.0
604:MT:SNTL,Lubrecht Flume,MT,46.88293,-113.32228,4690.0,unknown,7.5
609:MT:SNTL,Madison Plateau,MT,44.58623,-111.11627,7710.0,intermountain,7.5
613:MT:SNTL,Many Glacier,MT,48.79698,-113.6705,4930.0,maritime,10.0
1322:MT:SNTL,Mill Creek,MT,45.263,-110.40501,7420.0,intermountain,10.0
635:MT:SNTL,Monument Peak,MT,45.21759,-110.237,8740.0,unknown,8.0
646:MT:SNTL,Moss Peak,MT,47.68497,-113.96239,6760.0,intermountain,6.25
649:MT:SNTL,Mount Lockhart,MT,47.91727,-112.8238,6430.0,intermountain,6.67
656:MT:SNTL,Mule Creek,MT,45.40957,-112.95927,8300.0,maritime,6.33
657:MT:SNTL,N Fk Elk Creek,MT,46.8716,-113.27725,6180.0,maritime,10.0
903:MT:SNTL,Nevada Ridge,MT,46.84234,-112.50787,7030.0,intermountain,7.78
662:MT:SNTL,Nez Perce Camp,MT,45.73107,-114.48075,5670.0,maritime,8.3
664:MT:SNTL,Noisy Basin,MT,48.15668,-113.9463,6070.0,intermountain,5.71
667:MT:SNTL,North Fork Jocko,MT,47.27258,-113.75631,6110.0,intermountain,7.5
670:MT:SNTL,Northeast Entrance,MT,45.00568,-110.01411,7420.0,intermountain,6.67
1008:MT:SNTL,Onion Park,MT,46.91348,-110.8536,7420.0,intermountain,10.0
930:MT:SNTL,Peterson Meadows,MT,46.12588,-113.30792,7190.0,intermountain,10.0
690:MT:SNTL,Pickfoot Creek,MT,46.57969,-111.26812,6680.0,maritime,10.0
693:MT:SNTL,Pike Creek,MT,48.30305,-113.32868,5930.0,intermountain,7.5
696:MT:SNTL,Placer Basin,MT,45.41905,-110.08844,8790.0,intermountain,7.08
932:MT:SNTL,Poorman Creek,MT,48.12632,-115.6234,5050.0,maritime,6.67
700:MT:SNTL,Porcupine,MT,46.11192,-110.4696,6480.0,intermountain,6.67
722:MT:SNTL,Rocker Peak,MT,46.35613,-112.26176,7960.0,intermountain,8.57
917:MT:SNTL,Rocky Boy,MT,48.17478,-109.64728,4730.0,maritime,8.33
725:MT:SNTL,S Fork Shields,MT,46.08963,-110.43367,8090.0,intermountain,6.67
929:MT:SNTL,Sacajawea,MT,45.87395,-110.92783,6610.0,maritime,7.33
727:MT:SNTL,Saddle Mtn.,MT,45.69259,-113.96828,7890.0,intermountain,6.67
753:MT:SNTL,Short Creek,MT,44.97572,-111.95215,6990.0,intermountain,10.0
754:MT:SNTL,Shower Falls,MT,45.40125,-110.95758,8060.0,intermountain,10.0
760:MT:SNTL,Skalkaho Summit,MT,46.24212,-113.7725,7260.0,unknown,6.97
1286:MT:SNTL,Slagamelt Lakes,MT,45.36526,-113.71834,8600.0,intermountain,5.92
783:MT:SNTL,Sleeping Woman,MT,47.17902,-114.33371,6120.0,maritime,8.33
781:MT:SNTL,Spur Park,MT,46.77962,-110.62165,8080.0,intermountain,5.19
787:MT:SNTL,Stahl Peak,MT,48.90902,-114.86298,6040.0,intermountain,5.28
1009:MT:SNTL,Stringer Creek,MT,46.9269,-110.90198,6550.0,intermountain,10.0
1311:MT:SNTL,Stryker Basin,MT,48.68005,-114.66365,6200.0,intermountain,6.0
901:MT:SNTL,Stuart Mountain,MT,46.99521,-113.92667,7270.0,intermountain,5.71
813:MT:SNTL,Tepee Creek,MT,44.78562,-111.71,7950.0,intermountain,6.67
893:MT:SNTL,Tizer Basin,MT,46.34937,-111.85308,6880.0,maritime,10.0
835:MT:SNTL,Twelvemile Creek,MT,46.14287,-114.44755,5530.0,unknown,7.5
836:MT:SNTL,Twin Lakes,MT,46.1438,-114.5056,6380.0,maritime,8.4
847:MT:SNTL,Waldron,MT,47.91998,-112.79087,5640.0,maritime,10.0
850:MT:SNTL,Warm Springs,MT,46.27368,-113.164,7840.0,intermountain,6.0
924:MT:SNTL,West Yellowstone,MT,44.65866,-111.09199,6680.0,intermountain,10.0
858:MT:SNTL,Whiskey Creek,MT,44.61088,-111.14998,6790.0,intermountain,5.83
862:MT:SNTL,White Mill,MT,45.04575,-109.90987,8730.0,unknown,6.67
876:MT:SNTL,Wood Creek,MT,47.44847,-112.81428,5970.0,maritime,10.0
316:NM:SNTL,Bateman,NM,36.51174,-106.31543,9230.0,intermountain,10.0
394:NM:SNTL,Chamita,NM,36.95606,-106.65723,8360.0,intermountain,10.0
921:NM:SNTL,Elk Cabin,NM,35.7073,-105.80584,8220.0,intermountain,13.0
486:NM:SNTL,Frisco Divide,NM,33.73687,-108.94327,8010.0,intermountain,13.0
491:NM:SNTL,Gallegos Peak,NM,36.19418,-105.55742,9460.0,intermountain,10.0
1173:NM:SNTL,Garita Peak,NM,36.00469,-106.54805,10100.0,intermountain,6.67
532:NM:SNTL,Hopewell,NM,36.71632,-106.2637,10080.0,intermountain,10.0
595:NM:SNTL,Lookout Mountain,NM,33.36089,-107.83203,8500.0,intermountain,13.0
1048:NM:SNTL,Mcknight Cabin,NM,33.00796,-107.86982,9230.0,intermountain,6.19
1138:NM:SNTL,Navajo Whiskey Ck,NM,36.17716,-108.94556,9050.0,intermountain,10.0
665:NM:SNTL,North Costilla,NM,36.99396,-105.25988,10570.0,intermountain,10.0
1170:NM:SNTL,Palo,NM,36.40869,-105.33038,9330.0,unknown,6.67
708:NM:SNTL,Quemazon,NM,35.92195,-106.39179,9500.0,intermountain,8.0
715:NM:SNTL,Red River Pass #2,NM,36.69935,-105.34145,9840.0,intermountain,13.0
933:NM:SNTL,Rice Park,NM,35.23658,-108.27404,8480.0,intermountain,10.0
1254:NM:SNTL,Rio Santa Barbara,NM,36.07196,-105.62949,10640.0,intermountain,10.0
1172:NM:SNTL,San Antonio Sink,NM,36.85967,-106.22657,9120.0,intermountain,10.0
922:NM:SNTL,Santa Fe,NM,35.77154,-105.78487,11480.0,intermountain,7.5
744:NM:SNTL,Senorita Divide #2,NM,36.00152,-106.83408,8560.0,intermountain,13.0
1169:NM:SNTL,Shuree,NM,36.78765,-105.2392,10070.0,intermountain,10.0
1034:NM:SNTL,Sierra Blanca,NM,33.40682,-105.79467,10250.0,intermountain,6.9
755:NM:SNTL,Signal Peak,NM,32.92342,-108.14546,8390.0,intermountain,13.0
757:NM:SNTL,Silver Creek Divide,NM,33.3696,-108.70711,9080.0,intermountain,5.42
1168:NM:SNTL,Taos Powderhorn,NM,36.58195,-105.45617,11020.0,intermountain,7.32
1307:NM:SNTL,Taos Pueblo,NM,36.54099,-105.35944,10990.0,intermountain,10.0
934:NM:SNTL,Tolby,NM,36.47498,-105.19534,10210.0,intermountain,10.0
1083:NM:SNTL,Tres Ritos,NM,36.1279,-105.52706,8740.0,intermountain,7.5
1017:NM:SNTL,Vacas Locas,NM,36.02653,-106.81361,9350.0,intermountain,6.67
854:NM:SNTL,Wesner Springs,NM,35.77584,-105.54337,11110.0,intermountain,10.0
321:NV:SNTL,Bear Creek,NV,41.83391,-115.45278,8090.0,maritime,6.67
334:NV:SNTL,Berry Creek,NV,39.31917,-114.62278,9350.0,unknown,9.17
336:NV:SNTL,Big Bend,NV,41.76168,-115.6931,6890.0,intermountain,13.0
337:NV:SNTL,Big Creek Sum,NV,39.29148,-117.11506,8710.0,intermountain,6.67
340:NV:SNTL,Big Meadow,NV,39.455,-119.9422,8240.0,maritime,6.67
1155:NV:SNTL,Bird Creek,NV,39.46138,-114.64863,7530.0,intermountain,13.0
1111:NV:SNTL,Bristlecone Trail,NV,36.31575,-115.69543,8900.0,maritime,7.5
373:NV:SNTL,Buckskin Lower,NV,41.75067,-117.53182,6920.0,maritime,10.0
1152:NV:SNTL,Cave Mountain,NV,39.16337,-114.6133,10580.0,intermountain,7.08
1204:NV:SNTL,Columbia Basin,NV,41.67167,-116.07033,6490.0,unknown,13.0
1209:NV:SNTL,Corduroy Flat,NV,38.99651,-115.42478,8640.0,intermountain,13.0
417:NV:SNTL,Corral Canyon,NV,40.27551,-115.54017,8440.0,intermountain,6.46
1210:NV:SNTL,Defiance Mines,NV,39.08527,-114.89977,9310.0,unknown,13.0
443:NV:SNTL,Diamond Peak,NV,39.56361,-115.84421,8030.0,intermountain,7.08
445:NV:SNTL,Disaster Peak,NV,41.96737,-118.18934,6260.0,intermountain,13.0
453:NV:SNTL,Dorsey Basin,NV,40.89343,-115.21104,7900.0,maritime,8.0
454:NV:SNTL,Draw Creek,NV,41.661,-115.3234,7300.0,maritime,10.0
1243:NV:SNTL,Dry Creek,NV,40.8638,-115.22014,6550.0,intermountain,6.67
476:NV:SNTL,Fawn Creek,NV,41.82098,-116.10153,7040.0,intermountain,7.5
1262:NV:SNTL,Fry Canyon,NV,41.58008,-115.9364,6790.0,intermountain,6.67
1195:NV:SNTL,Golconda,NV,40.88358,-117.58812,6640.0,maritime,13.0
498:NV:SNTL,Granite Peak,NV,41.67032,-117.56668,8500.0,maritime,10.0
503:NV:SNTL,Green Mountain,NV,40.3848,-115.52757,8180.0,maritime,8.46
527:NV:SNTL,Hole-in-Mountain,NV,40.94168,-115.0954,8170.0,maritime,10.0
548:NV:SNTL,Jack Creek Upper,NV,41.54675,-116.00517,7380.0,intermountain,10.0
549:NV:SNTL,Jacks Peak,NV,41.5136,-116.0117,8440.0,maritime,13.0
1211:NV:SNTL,Jakes Creek,NV,41.5687,-115.03243,7380.0,unknown,13.0
1150:NV:SNTL,Kalamazoo,NV,39.5579,-114.62762,7740.0,intermountain,10.0
569:NV:SNTL,Lamance Creek,NV,41.51542,-117.63197,6390.0,maritime,7.08
570:NV:SNTL,Lamoille #3,NV,40.6448,-115.3812,8040.0,maritime,7.5
1310:NV:SNTL,Lamoille Upper,NV,40.59965,-115.37902,8990.0,maritime,10.0
573:NV:SNTL,Laurel Draw,NV,41.77637,-116.02957,6680.0,maritime,13.0
1112:NV:SNTL,Lee Canyon,NV,36.30537,-115.67508,8620.0,maritime,7.86
1006:NV:SNTL,Lewis Peak,NV,40.3572,-116.8647,7370.0,maritime,7.14
1242:NV:SNTL,Little Valley,NV,39.25259,-119.8771,6500.0,maritime,7.65
615:NV:SNTL,Marlette Lake,NV,39.16395,-119.89672,7860.0,maritime,5.83
1207:NV:SNTL,Merritt Mountain,NV,41.8927,-115.858,6920.0,intermountain,13.0
1206:NV:SNTL,Midas,NV,41.26873,-116.80332,6630.0,unknown,13.0
652:NV:SNTL,Mt Rose Ski Area,NV,39.31573,-119.89473,8810.0,maritime,6.67
1272:NV:SNTL,ONeil Creek,NV,41.86411,-115.08251,6490.0,intermountain,13.0
1244:NV:SNTL,Pole Canyon,NV,40.86293,-115.12067,7760.0,maritime,8.33
698:NV:SNTL,Pole Creek R.S.,NV,41.87255,-115.24713,8370.0,maritime,9.29
2170:NV:SNTL,Porter Canyon,NV,39.46544,-117.62069,7190.0,intermountain,13.0
1110:NV:SNTL,Rainbow Canyon,NV,36.2493,-115.62972,7840.0,maritime,6.67
746:NV:SNTL,Seventysix Creek,NV,41.73732,-115.47215,7360.0,intermountain,8.33
750:NV:SNTL,Sheldon,NV,41.90435,-119.44464,5860.0,intermountain,13.0
1205:NV:SNTL,Silver Creek Nv,NV,39.23305,-114.2429,8220.0,unknown,13.0
1208:NV:SNTL,Snowstorm Mtn,NV,41.33981,-116.98044,7410.0,unknown,13.0
1203:NV:SNTL,Stag Mountain,NV,41.408,-115.4464,7640.0,unknown,13.0
1194:NV:SNTL,Summit Lk,NV,41.48953,-118.99663,7600.0,intermountain,5.0
811:NV:SNTL,Taylor Canyon,NV,41.2287,-116.0293,6320.0,unknown,13.0
1202:NV:SNTL,Tent Mtn Lower,NV,40.97852,-115.17215,7100.0,unknown,13.0
1136:NV:SNTL,Toe Jam,NV,41.3187,-116.3408,7700.0,maritime,8.33
1137:NV:SNTL,Vacarro Springs,NV,39.4495,-115.9834,7890.0,intermountain,13.0
849:NV:SNTL,Ward Mountain,NV,39.13242,-114.95575,9170.0,maritime,8.0
1147:NV:SNTL,Wheeler Peak,NV,39.00995,-114.31021,10070.0,unknown,6.0
1213:NV:SNTL,White River Nv,NV,38.94557,-115.37922,7370.0,unknown,13.0
302:OR:SNTL,Aneroid Lake #2,OR,45.21332,-117.19255,7430.0,unknown,8.29
1000:OR:SNTL,Annie Springs,OR,42.87007,-122.16518,6020.0,maritime,6.0
304:OR:SNTL,Arbuckle Mtn,OR,45.19085,-119.25392,5770.0,maritime,5.0
1166:OR:SNTL,Bear Grass,OR,44.3253,-122.0938,4720.0,maritime,6.41
331:OR:SNTL,Beaver Reservoir,OR,45.14532,-118.219,5140.0,unknown,10.0
341:OR:SNTL,Big Red Mountain,OR,42.05257,-122.85487,6060.0,unknown,6.67
343:OR:SNTL,Bigelow Camp,OR,42.07875,-123.34393,5130.0,unknown,13.0
344:OR:SNTL,Billie Creek Divide,OR,42.40717,-122.26617,5280.0,unknown,6.97
351:OR:SNTL,Blazed Alder,OR,45.4287,-121.85605,3660.0,unknown,6.67
357:OR:SNTL,Blue Mountain Spring,OR,44.24767,-118.51722,5880.0,unknown,7.5
361:OR:SNTL,Bourne,OR,44.83052,-118.18787,5850.0,unknown,10.0
362:OR:SNTL,Bowman Springs,OR,45.36428,-118.46715,4550.0,maritime,6.67
388:OR:SNTL,Cascade Summit,OR,43.59042,-122.0601,5100.0,maritime,6.67
395:OR:SNTL,Chemult Alternate,OR,43.22625,-121.80662,4850.0,maritime,13.0
398:OR:SNTL,Clackamas Lake,OR,45.09658,-121.75443,3400.0,maritime,5.0
401:OR:SNTL,Clear Lake,OR,45.18832,-121.6916,3810.0,maritime,13.0
406:OR:SNTL,Cold Springs Camp,OR,42.53305,-122.17683,5940.0,maritime,10.0
422:OR:SNTL,County Line,OR,45.19107,-118.55015,4840.0,unknown,13.0
1010:OR:SNTL,Crazyman Flat,OR,42.6381,-120.94917,6190.0,maritime,6.0
434:OR:SNTL,Daly Lake,OR,44.52147,-122.08718,3690.0,unknown,13.0
440:OR:SNTL,Derr.,OR,44.4465,-119.93012,5850.0,maritime,13.0
442:OR:SNTL,Diamond Lake,OR,43.18787,-122.14003,5280.0,maritime,8.0
464:OR:SNTL,Eilertson Meadows,OR,44.86887,-118.11387,5510.0,maritime,9.0
470:OR:SNTL,Emigrant Springs,OR,45.55808,-118.45385,3790.0,maritime,13.0
1314:OR:SNTL,Fifteenmile,OR,45.35265,-121.53,5970.0,maritime,6.67
477:OR:SNTL,Fish Creek,OR,42.70993,-118.63219,7700.0,unknown,8.75
479:OR:SNTL,Fish Lk.,OR,42.3801,-122.34943,4660.0,unknown,13.0
483:OR:SNTL,Fourmile Lake,OR,42.43933,-122.2288,5970.0,maritime,7.08
945:OR:SNTL,Gerber Reservoir,OR,42.2062,-121.1334,4880.0,maritime,13.0
494:OR:SNTL,Gold Center,OR,44.7638,-118.3117,5400.0,maritime,10.0
504:OR:SNTL,Greenpoint,OR,45.62237,-121.70415,3320.0,maritime,6.67
523:OR:SNTL,High Ridge,OR,45.69682,-118.10657,4900.0,maritime,6.67
526:OR:SNTL,Hogg Pass,OR,44.42042,-121.85655,4800.0,maritime,8.0
529:OR:SNTL,Holland Meadows,OR,43.66917,-122.56877,4930.0,maritime,6.0
1158:OR:SNTL,Howard Prairie,OR,42.215,-122.3713,4580.0,maritime,13.0
545:OR:SNTL,Irish Taylor,OR,43.80368,-121.94793,5540.0,maritime,6.67
552:OR:SNTL,Jump Off Joe,OR,44.38605,-122.16683,3530.0,unknown,8.33
558:OR:SNTL,King Mountain,OR,42.72395,-123.20037,4340.0,maritime,13.0
563:OR:SNTL,Lake Creek R.S.,OR,44.21007,-118.63752,5250.0,unknown,10.0
584:OR:SNTL,Little Meadows,OR,44.61297,-122.22565,4020.0,unknown,6.67
605:OR:SNTL,Lucky Strike,OR,45.27478,-118.8479,4970.0,maritime,13.0
608:OR:SNTL,Madison Butte,OR,45.10513,-119.49585,5150.0,unknown,13.0
614:OR:SNTL,Marion Forks,OR,44.59397,-121.97365,2590.0,unknown,13.0
619:OR:SNTL,Mckenzie,OR,44.2103,-121.87292,4770.0,unknown,7.14
1079:OR:SNTL,Milk Shakes,OR,45.9821,-117.94883,5580.0,maritime,6.0
1084:OR:SNTL,Miller Woods,OR,45.24755,-123.27563,420.0,maritime,13.0
647:OR:SNTL,Moss Springs,OR,45.27173,-117.68747,5760.0,maritime,6.0
651:OR:SNTL,Mt Hood Test Site,OR,45.32097,-121.7158,5380.0,maritime,7.5
653:OR:SNTL,Mt. Howard,OR,45.26514,-117.17377,7840.0,maritime,10.0
655:OR:SNTL,Mud Ridge,OR,45.25362,-121.73673,4070.0,maritime,5.0
660:OR:SNTL,New Crescent Lake,OR,43.51185,-121.97982,4910.0,maritime,13.0
666:OR:SNTL,North Fork,OR,45.5505,-122.00283,3070.0,maritime,9.0
671:OR:SNTL,Ochoco Meadows,OR,44.42917,-120.3311,5430.0,maritime,13.0
687:OR:SNTL,Peavine Ridge,OR,45.04148,-121.93252,3420.0,maritime,7.0
706:OR:SNTL,Quartz Mountain,OR,42.31923,-120.82533,5710.0,maritime,13.0
710:OR:SNTL,Railroad Overpass,OR,43.65887,-122.21272,2680.0,unknown,13.0
712:OR:SNTL,Red Hill,OR,45.4643,-121.70428,4410.0,maritime,5.0
719:OR:SNTL,Roaring River,OR,43.90098,-122.03063,4960.0,unknown,8.57
721:OR:SNTL,Rock Springs,OR,44.00883,-118.83842,5290.0,intermountain,13.0
726:OR:SNTL,Saddle Mountain,OR,45.54475,-123.37331,3090.0,maritime,13.0
729:OR:SNTL,Salt Creek Falls,OR,43.61193,-122.11758,4220.0,unknown,13.0
733:OR:SNTL,Santiam Jct.,OR,44.43503,-121.94502,3740.0,maritime,6.67
736:OR:SNTL,Schneider Meadows,OR,45.00107,-117.16522,5400.0,maritime,7.14
743:OR:SNTL,Seine Creek,OR,45.52688,-123.29857,2070.0,maritime,13.0
745:OR:SNTL,Sevenmile Marsh,OR,42.69825,-122.14165,5690.0,unknown,10.0
756:OR:SNTL,Silver Creek,OR,42.95615,-121.18123,5750.0,maritime,13.0
759:OR:SNTL,Silvies,OR,42.75333,-118.68785,7000.0,maritime,5.0
1167:OR:SNTL,Smith Ridge,OR,44.30325,-122.04053,3270.0,maritime,13.0
767:OR:SNTL,Snow Mountain,OR,43.94885,-119.54013,6230.0,unknown,6.13
925:OR:SNTL,South Fork Bull Run,OR,45.44575,-122.03125,2690.0,unknown,13.0
789:OR:SNTL,Starr Ridge,OR,44.26423,-119.02162,5240.0,unknown,13.0
794:OR:SNTL,Strawberry,OR,42.12587,-120.8361,5760.0,maritime,13.0
800:OR:SNTL,Summer Rim,OR,42.6957,-120.80158,7080.0,maritime,7.5
801:OR:SNTL,Summit Lake,OR,43.44907,-122.13808,5610.0,maritime,6.0
1078:OR:SNTL,Sun Pass,OR,42.78637,-121.97715,5400.0,maritime,8.0
1077:OR:SNTL,Swan Lake Mtn,OR,42.41323,-121.68002,6830.0,maritime,5.0
810:OR:SNTL,Taylor Butte,OR,42.69108,-121.42592,5030.0,maritime,13.0
812:OR:SNTL,Taylor Green,OR,45.07707,-117.55067,5730.0,maritime,7.5
815:OR:SNTL,Three Creeks Meadow,OR,44.14425,-121.64095,5680.0,unknown,9.0
821:OR:SNTL,Tipton,OR,44.65567,-118.42617,5150.0,maritime,10.0
1044:OR:SNTL,Toketee Airstrip,OR,43.22718,-122.42537,3240.0,maritime,6.67
873:OR:SNTL,Wolf Creek,OR,45.06704,-118.15185,5730.0,maritime,10.0
354:SD:SNTL,Blind Park,SD,44.10772,-103.97688,6900.0,intermountain,7.08
920:SD:SNTL,North Rapid Creek,SD,44.20617,-103.78758,6150.0,intermountain,10.0
907:UT:SNTL,Agua Canyon,UT,37.52217,-112.27118,8890.0,intermountain,13.0
1308:UT:SNTL,Atwater,UT,40.59124,-111.63775,8750.0,maritime,6.67
992:UT:SNTL,Bear River RS,UT,40.8852,-110.8277,8510.0,intermountain,10.0
329:UT:SNTL,Beaver Dams,UT,39.13683,-111.55813,7980.0,intermountain,7.08
330:UT:SNTL,Beaver Divide,UT,40.61233,-111.09782,8230.0,maritime,8.75
332:UT:SNTL,Ben Lomond Peak,UT,41.37603,-111.94405,7690.0,maritime,5.63
333:UT:SNTL,Ben Lomond Trail,UT,41.38291,-111.92103,5970.0,maritime,13.0
1214:UT:SNTL,Bevans Cabin,UT,40.46182,-112.25233,6470.0,intermountain,10.0
339:UT:SNTL,Big Flat,UT,38.30183,-112.35672,10320.0,intermountain,10.0
348:UT:SNTL,Black Flat-U.M. Ck,UT,38.6799,-111.59765,9420.0,intermountain,10.0
1162:UT:SNTL,Blacks Fork Jct,UT,40.95814,-110.5828,8880.0,intermountain,6.67
1278:UT:SNTL,Bobs Hollow,UT,38.94569,-112.15349,9320.0,intermountain,10.0
364:UT:SNTL,Box Creek,UT,38.50809,-112.01856,9850.0,intermountain,13.0
1156:UT:SNTL,Box Springs,UT,38.49746,-112.00779,9230.0,intermountain,13.0
1154:UT:SNTL,Brian Head,UT,37.67994,-112.85674,10040.0,maritime,8.0
366:UT:SNTL,Brighton,UT,40.59936,-111.58167,8790.0,intermountain,7.5
368:UT:SNTL,Brown Duck,UT,40.58102,-110.58587,10570.0,intermountain,7.5
371:UT:SNTL,Buck Flat,UT,39.134,-111.43722,9410.0,intermountain,7.5
1192:UT:SNTL,Buck Pasture,UT,40.84456,-110.66068,9630.0,intermountain,7.14
1153:UT:SNTL,Buckboard Flat,UT,37.86943,-109.44717,8920.0,unknown,10.0
374:UT:SNTL,Bug Lake,UT,41.68541,-111.41987,7980.0,maritime,6.46
1135:UT:SNTL,Burts Miller Ranch,UT,40.98492,-110.85075,7900.0,intermountain,10.0
383:UT:SNTL,Camp Jackson,UT,37.81333,-109.48723,8840.0,intermountain,10.0
1039:UT:SNTL,Cascade Mountain,UT,40.283,-111.60992,7750.0,maritime,6.25
390:UT:SNTL,Castle Valley,UT,37.66098,-112.74093,9600.0,maritime,10.0
392:UT:SNTL,Chalk Creek #1,UT,40.85464,-111.04765,9160.0,maritime,10.0
393:UT:SNTL,Chalk Creek #2,UT,40.88529,-111.06954,8200.0,maritime,8.33
396:UT:SNTL,Chepeta,UT,40.77458,-110.0105,10490.0,intermountain,8.57
983:UT:SNTL,Clayton Springs,UT,37.9725,-111.83355,10010.0,intermountain,10.0
399:UT:SNTL,Clear Creek #1,UT,39.86671,-111.28363,8960.0,maritime,8.0
400:UT:SNTL,Clear Creek #2,UT,39.89275,-111.25154,7850.0,intermountain,10.0
1236:UT:SNTL,Corral,UT,39.65795,-110.37906,8210.0,intermountain,5.83
432:UT:SNTL,Currant Creek,UT,40.35747,-111.08993,7920.0,maritime,10.0
435:UT:SNTL,Daniels-Strawberry,UT,40.2953,-111.25677,8010.0,maritime,7.08
444:UT:SNTL,Dills Camp,UT,39.04554,-111.46875,9240.0,intermountain,10.0
452:UT:SNTL,Donkey Reservoir,UT,38.2084,-111.47412,9800.0,intermountain,10.0
455:UT:SNTL,Dry Bread Pond,UT,41.41289,-111.5377,8290.0,maritime,7.14
906:UT:SNTL,Dry Fork,UT,40.56533,-112.17343,7180.0,intermountain,9.55
1163:UT:SNTL,EF Blacks Fork GS,UT,40.88472,-110.54056,9360.0,intermountain,10.0
461:UT:SNTL,East Willow Creek,UT,39.31213,-109.53179,8300.0,intermountain,7.5
1323:UT:SNTL,Elk Ridge,UT,37.82308,-109.77156,8540.0,intermountain,7.75
474:UT:SNTL,Farmington,UT,40.97462,-111.80975,7920.0,unknown,5.42
1054:UT:SNTL,Farmington Lower,UT,40.992,-111.81702,6850.0,intermountain,5.77
475:UT:SNTL,Farnsworth Lake,UT,38.77246,-111.67662,9620.0,intermountain,10.0
1149:UT:SNTL,Fish Lake Utah,UT,38.50455,-111.76693,8780.0,intermountain,13.0
481:UT:SNTL,Five Points Lake,UT,40.71785,-110.46721,10920.0,intermountain,10.0
1221:UT:SNTL,GBRC HQ,UT,39.32019,-111.48827,8800.0,intermountain,10.0
1222:UT:SNTL,GBRC Meadows,UT,39.30229,-111.45383,9850.0,intermountain,8.0
1114:UT:SNTL,Garden City Summit,UT,41.9215,-111.4693,7680.0,intermountain,6.67
1066:UT:SNTL,Gardner Peak,UT,37.40083,-113.45988,8320.0,intermountain,6.67
1151:UT:SNTL,George Creek,UT,41.91562,-113.41154,8960.0,intermountain,6.0
1304:UT:SNTL,Gold Basin,UT,38.46516,-109.26332,10070.0,unknown,6.67
495:UT:SNTL,Gooseberry RS,UT,38.80034,-111.68333,7930.0,unknown,10.0
1184:UT:SNTL,Gooseberry RS Up,UT,38.7882,-111.68892,8400.0,intermountain,8.75
1065:UT:SNTL,Gutz Peak,UT,37.49617,-113.94235,6790.0,maritime,6.0
896:UT:SNTL,Hardscrabble,UT,40.86833,-111.71865,7270.0,maritime,10.0
514:UT:SNTL,Harris Flat,UT,37.48997,-112.57602,7800.0,maritime,13.0
517:UT:SNTL,Hayden Fork,UT,40.79669,-110.88472,9170.0,unknown,8.0
521:UT:SNTL,Hewinta,UT,40.95009,-110.48419,9510.0,intermountain,10.0
522:UT:SNTL,Hickerson Park,UT,40.90663,-109.96287,9120.0,intermountain,10.0
1223:UT:SNTL,Hobble Creek,UT,40.18538,-111.35971,7360.0,intermountain,8.75
528:UT:SNTL,Hole-in-Rock,UT,40.92167,-110.18623,9170.0,intermountain,10.0
533:UT:SNTL,Horse Ridge,UT,41.31372,-111.44624,8210.0,maritime,6.67
1216:UT:SNTL,Huntington Horse,UT,39.61774,-111.30576,9650.0,intermountain,5.28
1099:UT:SNTL,Jones Corral,UT,38.07125,-112.16788,9710.0,intermountain,10.0
1145:UT:SNTL,Kilfoil Creek,UT,41.24764,-111.41249,7230.0,maritime,8.75
557:UT:SNTL,Kimberly Mine,UT,38.48383,-112.39273,9110.0,maritime,7.14
559:UT:SNTL,Kings Cabin,UT,40.71632,-109.54401,8740.0,intermountain,9.0
1115:UT:SNTL,Klondike Narrows,UT,41.96769,-111.59713,7280.0,intermountain,6.9
561:UT:SNTL,Kolob,UT,37.52664,-113.05386,9250.0,maritime,6.67
566:UT:SNTL,Lakefork #1,UT,40.59709,-110.43316,10120.0,intermountain,10.0
1116:UT:SNTL,Lakefork #3,UT,40.5502,-110.3529,8430.0,intermountain,6.67
513:UT:SNTL,Lakefork Basin,UT,40.73785,-110.62121,10890.0,intermountain,7.57
572:UT:SNTL,Lasal Mountain,UT,38.48226,-109.27198,9580.0,intermountain,9.44
1215:UT:SNTL,Lasal Mountain-Lower,UT,38.48167,-109.29164,8780.0,intermountain,7.08
1056:UT:SNTL,Lightning Ridge,UT,41.35891,-111.48749,8200.0,intermountain,7.39
579:UT:SNTL,Lily Lake,UT,40.86493,-110.79813,9130.0,unknown,8.75
582:UT:SNTL,Little Bear,UT,41.40562,-111.82607,6540.0,maritime,5.0
583:UT:SNTL,Little Grassy,UT,37.48631,-113.84582,6070.0,maritime,13.0
1261:UT:SNTL,Lonesome Beaver,UT,38.07,-110.77241,9530.0,intermountain,10.0
592:UT:SNTL,Long Flat,UT,37.51255,-113.39661,7990.0,intermountain,13.0
593:UT:SNTL,Long Valley Jct,UT,37.48756,-112.51458,7460.0,intermountain,13.0
596:UT:SNTL,Lookout Peak,UT,40.83731,-111.70965,8150.0,maritime,6.36
1118:UT:SNTL,Lost Creek Resv,UT,41.22155,-111.35947,6070.0,intermountain,6.67
972:UT:SNTL,Louis Meadow,UT,40.83033,-111.76457,6740.0,maritime,10.0
612:UT:SNTL,Mammoth-Cottonwood,UT,39.68338,-111.31818,8710.0,maritime,6.13
621:UT:SNTL,Merchant Valley,UT,38.30285,-112.43637,8710.0,intermountain,7.5
626:UT:SNTL,Midway Valley,UT,37.56933,-112.83849,9830.0,maritime,5.71
1321:UT:SNTL,Mill Creek Canyon,UT,40.69656,-111.67712,6960.0,maritime,6.57
628:UT:SNTL,Mill-D North,UT,40.65883,-111.63683,8940.0,maritime,7.64
631:UT:SNTL,Mining Fork,UT,40.49384,-112.61141,8290.0,maritime,10.0
634:UT:SNTL,Monte Cristo,UT,41.46547,-111.49688,8930.0,maritime,6.64
643:UT:SNTL,Mosby Mtn.,UT,40.60798,-109.8881,9550.0,intermountain,7.5
1224:UT:SNTL,Mt Baldy,UT,39.13648,-111.50527,9520.0,intermountain,7.39
1269:UT:SNTL,Mt Pennell,UT,37.97793,-110.7933,9210.0,intermountain,6.67
1146:UT:SNTL,Oak Creek,UT,39.3485,-112.192,7840.0,intermountain,7.5
1148:UT:SNTL,Panguitch Lake RS,UT,37.70463,-112.65037,8300.0,intermountain,5.83
684:UT:SNTL,Parleys Summit,UT,40.76184,-111.62917,7590.0,maritime,10.0
856:UT:SNTL,Parleys Upper,UT,40.70194,-111.60619,8330.0,maritime,6.67
971:UT:SNTL,Parrish Creek,UT,40.93417,-111.81372,7760.0,maritime,6.67
686:UT:SNTL,Payson R.S.,UT,39.92976,-111.63109,8050.0,intermountain,8.38
691:UT:SNTL,Pickle Keg,UT,39.01219,-111.58259,9010.0,intermountain,10.0
694:UT:SNTL,Pine Creek,UT,38.88185,-112.24915,8730.0,maritime,7.08
1300:UT:SNTL,Powder Mountain,UT,41.37428,-111.76673,8490.0,maritime,6.32
714:UT:SNTL,Red Pine Ridge,UT,39.45197,-111.27221,8990.0,intermountain,10.0
1225:UT:SNTL,Redden Mine Lwr,UT,40.67505,-111.21765,8540.0,maritime,6.67
1217:UT:SNTL,Rees Flat,UT,39.49667,-111.72508,7190.0,intermountain,6.67
720:UT:SNTL,Rock Creek,UT,40.54875,-110.69292,7880.0,unknown,10.0
1309:UT:SNTL,Rockwood GS,UT,38.67101,-112.3305,8600.0,intermountain,9.17
723:UT:SNTL,Rocky Basin-Settleme,UT,40.44293,-112.22377,8700.0,unknown,10.0
1280:UT:SNTL,Santaquin Meadows,UT,39.92076,-111.71802,7830.0,maritime,7.5
742:UT:SNTL,Seeley Creek,UT,39.31042,-111.43297,9900.0,intermountain,8.0
763:UT:SNTL,Smith  Morehouse,UT,40.78931,-111.09192,7640.0,maritime,10.0
766:UT:SNTL,Snowbird,UT,40.56914,-111.65852,9170.0,maritime,7.01
1117:UT:SNTL,Spirit Lk,UT,40.83868,-110.00527,10240.0,unknown,10.0
790:UT:SNTL,Steel Creek Park,UT,40.90862,-110.50462,10140.0,intermountain,10.0
795:UT:SNTL,Strawberry Divide,UT,40.16483,-111.20665,8100.0,maritime,10.0
1249:UT:SNTL,Sunflower Flat,UT,38.048,-111.33981,10010.0,maritime,5.0
1248:UT:SNTL,Suu Ranch,UT,37.59711,-112.92949,8050.0,maritime,6.9
1247:UT:SNTL,Takka Wiiya,UT,39.74104,-113.98262,9110.0,intermountain,10.0
1013:UT:SNTL,Temple Fork,UT,41.793,-111.54605,7420.0,intermountain,7.5
814:UT:SNTL,Thaynes Canyon,UT,40.6235,-111.53322,9260.0,maritime,8.33
1226:UT:SNTL,Thistle Flat,UT,39.23803,-111.51998,8790.0,intermountain,9.29
1097:UT:SNTL,Timberline,UT,39.67712,-110.43395,8720.0,intermountain,8.0
820:UT:SNTL,Timpanogos Divide,UT,40.42817,-111.61633,8180.0,maritime,8.0
823:UT:SNTL,Tony Grove Lake,UT,41.89833,-111.62957,8450.0,maritime,5.56
1113:UT:SNTL,Tony Grove RS,UT,41.88573,-111.56918,6320.0,intermountain,7.78
828:UT:SNTL,Trial Lake,UT,40.678,-110.94873,9970.0,intermountain,7.89
833:UT:SNTL,Trout Creek,UT,40.739,-109.6728,9440.0,intermountain,10.0
1227:UT:SNTL,Upper Joes Valley,UT,39.4155,-111.2491,8600.0,intermountain,10.0
1098:UT:SNTL,Usu Doc Daniel,UT,41.86425,-111.50603,8610.0,intermountain,7.5
844:UT:SNTL,Vernon Creek,UT,39.93667,-112.41478,7310.0,intermountain,5.0
853:UT:SNTL,Webster Flat,UT,37.575,-112.90155,9150.0,maritime,6.67
864:UT:SNTL,White River #1,UT,39.9645,-110.98845,8620.0,intermountain,10.0
865:UT:SNTL,Widtsoe #3,UT,37.83633,-111.88163,9640.0,intermountain,8.18
543:UT:SNTL,Wilbur Bench,UT,39.89166,-110.74604,9170.0,intermountain,9.0
1164:UT:SNTL,Wolf Creek Peak,UT,40.47733,-111.04469,9770.0,intermountain,10.0
1228:UT:SNTL,Wrigley Creek,UT,39.13233,-111.35685,9330.0,intermountain,6.67
1197:UT:SNTL,Yankee Reservoir,UT,37.74797,-112.77495,8680.0,intermountain,7.5
908:WA:SNTL,Alpine Meadows,WA,47.77957,-121.69847,3500.0,unknown,5.36
990:WA:SNTL,Beaver Pass,WA,48.8793,-121.2555,3630.0,unknown,8.0
352:WA:SNTL,Blewett Pass,WA,47.35037,-120.6796,4240.0,unknown,10.0
1080:WA:SNTL,Brown Top,WA,48.92753,-121.19717,5850.0,unknown,7.5
1107:WA:SNTL,Buckinghorse,WA,47.7086,-123.45747,4850.0,maritime,5.71
375:WA:SNTL,Bumping Ridge,WA,46.81003,-121.33058,4600.0,unknown,6.67
376:WA:SNTL,Bunchgrass Mdw,WA,48.68688,-117.17633,5020.0,unknown,9.17
942:WA:SNTL,Burnt Mountain,WA,47.0444,-121.94032,4160.0,unknown,7.5
1109:WA:SNTL,Calamity,WA,45.90362,-122.21633,2510.0,unknown,13.0
1085:WA:SNTL,Cayuse Pass,WA,46.86956,-121.53434,5260.0,unknown,5.56
418:WA:SNTL,Corral Pass,WA,47.01872,-121.46464,5810.0,unknown,7.14
420:WA:SNTL,Cougar Mountain,WA,47.27666,-121.67138,3210.0,unknown,8.0
1319:WA:SNTL,Decline Creek,WA,48.23594,-121.455,4480.0,unknown,6.67
1345:WA:SNTL,Deer Pass,WA,48.3325,-121.72133,3360.0,maritime,5.0
943:WA:SNTL,Dungeness,WA,47.8722,-123.07879,3990.0,unknown,8.12
998:WA:SNTL,Easy Pass,WA,48.85933,-121.43895,5280.0,unknown,5.38
910:WA:SNTL,Elbow Lake,WA,48.69092,-121.90893,3050.0,unknown,7.08
478:WA:SNTL,Fish Lake,WA,47.53565,-121.08553,3440.0,unknown,6.67
1159:WA:SNTL,Gold Axe Camp,WA,48.9516,-118.9864,5380.0,unknown,6.67
1256:WA:SNTL,Gold Mountain,WA,48.19253,-118.45715,4500.0,unknown,10.0
502:WA:SNTL,Green Lake,WA,46.54741,-121.17093,5920.0,unknown,7.75
507:WA:SNTL,Grouse Camp,WA,47.28107,-120.48771,5390.0,maritime,6.43
515:WA:SNTL,Harts Pass,WA,48.72047,-120.6586,6490.0,unknown,6.67
991:WA:SNTL,Hozomeen Camp,WA,48.98075,-121.07976,1680.0,unknown,13.0
928:WA:SNTL,Huckleberry Creek,WA,47.06565,-121.58778,2250.0,maritime,13.0
1129:WA:SNTL,Indian Rock,WA,45.99077,-120.80768,5320.0,maritime,5.5
553:WA:SNTL,June Lake,WA,46.14778,-122.15413,3440.0,unknown,6.25
591:WA:SNTL,Lone Pine,WA,46.27143,-121.96288,3940.0,unknown,6.33
599:WA:SNTL,Lost Horse,WA,46.35754,-121.0809,5100.0,maritime,7.5
606:WA:SNTL,Lyman Lake,WA,48.19798,-120.91678,5990.0,unknown,8.0
1069:WA:SNTL,Lynn Lake,WA,47.20172,-121.77972,3900.0,maritime,6.9
1011:WA:SNTL,MF Nooksack,WA,48.82441,-121.92947,4940.0,maritime,6.0
999:WA:SNTL,Marten Ridge,WA,48.76292,-121.69823,3520.0,maritime,5.23
897:WA:SNTL,Meadows Pass,WA,47.28312,-121.47197,3230.0,unknown,6.46
642:WA:SNTL,Morse Lake,WA,46.90585,-121.4827,5400.0,unknown,7.25
644:WA:SNTL,Moses Mtn,WA,48.36166,-119.08158,5470.0,maritime,5.0
648:WA:SNTL,Mount Crag,WA,47.7637,-123.026,3960.0,unknown,6.9
898:WA:SNTL,Mount Gardner,WA,47.35768,-121.56812,2930.0,unknown,6.67
941:WA:SNTL,Mowich,WA,46.92833,-121.95232,3170.0,unknown,7.5
1126:WA:SNTL,Mt. Tebo,WA,47.46061,-123.41219,3380.0,unknown,5.42
1259:WA:SNTL,Muckamuck,WA,48.58526,-119.86624,4470.0,unknown,5.0
672:WA:SNTL,Olallie Meadows,WA,47.37406,-121.44213,4010.0,unknown,6.0
679:WA:SNTL,Paradise,WA,46.78266,-121.74767,5150.0,maritime,6.83
681:WA:SNTL,Park Creek Ridge,WA,48.44488,-120.91551,4610.0,unknown,8.0
1104:WA:SNTL,Pepper Creek,WA,46.10242,-121.95555,2140.0,maritime,7.07
692:WA:SNTL,Pigtail Peak,WA,46.62153,-121.38643,5800.0,maritime,5.83
1263:WA:SNTL,Pinto Rock,WA,46.32318,-121.94219,4450.0,unknown,6.5
699:WA:SNTL,Pope Ridge,WA,47.9909,-120.56622,3590.0,unknown,7.5
702:WA:SNTL,Potato Hill,WA,46.3497,-121.51415,4480.0,unknown,9.0
707:WA:SNTL,Quartz Peak,WA,47.87927,-117.08938,4710.0,maritime,8.33
711:WA:SNTL,Rainy Pass,WA,48.51865,-120.7358,4880.0,unknown,10.0
911:WA:SNTL,Rex River,WA,47.30218,-121.60475,3810.0,maritime,6.67
728:WA:SNTL,Salmon Meadows,WA,48.65518,-119.8383,4460.0,intermountain,10.0
734:WA:SNTL,Sasse Ridge,WA,47.38485,-121.06323,4340.0,maritime,7.5
1231:WA:SNTL,Satus Pass,WA,45.98797,-120.67734,3960.0,maritime,10.0
1068:WA:SNTL,Sawmill Ridge,WA,47.15992,-121.42172,4640.0,maritime,6.67
1043:WA:SNTL,Sentinel Butte,WA,48.86133,-118.39843,4680.0,intermountain,6.67
748:WA:SNTL,Sheep Canyon,WA,46.19325,-122.25393,3990.0,unknown,6.67
1257:WA:SNTL,Skate Creek,WA,46.64336,-121.83044,3770.0,unknown,13.0
912:WA:SNTL,Skookum Creek,WA,47.68433,-121.61007,3320.0,unknown,4.9
985:WA:SNTL,Sourdough Gulch,WA,46.23713,-117.39435,3960.0,maritime,13.0
776:WA:SNTL,Spencer Meadow,WA,46.1795,-121.92661,3400.0,unknown,8.89
777:WA:SNTL,Spirit Lake,WA,46.26113,-122.1772,3520.0,unknown,5.0
984:WA:SNTL,Spruce Springs,WA,46.18287,-117.54155,5690.0,unknown,7.5
788:WA:SNTL,Stampede Pass,WA,47.27427,-121.34162,3850.0,maritime,6.67
791:WA:SNTL,Stevens Pass,WA,47.74607,-121.09288,3940.0,maritime,7.27
804:WA:SNTL,Surprise Lakes,WA,46.09497,-121.76345,4280.0,maritime,6.67
975:WA:SNTL,Swamp Creek,WA,48.57142,-120.78267,3930.0,unknown,6.0
1012:WA:SNTL,Swift Creek,WA,46.1638,-122.18402,4440.0,maritime,6.0
817:WA:SNTL,Thunder Basin,WA,48.52753,-120.9895,4310.0,unknown,5.0
899:WA:SNTL,Tinkham Creek,WA,47.33198,-121.46975,3000.0,unknown,7.32
824:WA:SNTL,Touchet,WA,46.11868,-117.8505,5520.0,maritime,6.43
1171:WA:SNTL,Trinity,WA,48.07471,-120.84989,2890.0,unknown,6.46
832:WA:SNTL,Trough,WA,47.23328,-120.29412,5480.0,maritime,6.67
841:WA:SNTL,Upper Wheeler,WA,47.28734,-120.37015,4330.0,unknown,8.0
974:WA:SNTL,Waterhole,WA,47.94485,-123.42594,5010.0,unknown,6.09
909:WA:SNTL,Wells Creek,WA,48.8661,-121.78976,4040.0,unknown,7.75
863:WA:SNTL,White Pass E.S.,WA,46.64142,-121.38153,4440.0,unknown,6.67
309:WY:SNTL,Bald Mtn.,WY,44.80061,-107.84428,9360.0,intermountain,10.0
314:WY:SNTL,Base Camp,WY,43.94019,-110.44544,7040.0,intermountain,10.0
317:WY:SNTL,Battle Mountain,WY,41.05402,-107.26674,7460.0,intermountain,5.0
325:WY:SNTL,Bear Trap Meadow,WY,43.88743,-107.06135,8200.0,intermountain,8.0
326:WY:SNTL,Beartooth Lake,WY,44.94307,-109.56743,9360.0,intermountain,7.5
931:WY:SNTL,Big Goose,WY,44.57922,-107.20068,8010.0,intermountain,10.0
342:WY:SNTL,Big Sandy Opening,WY,42.6458,-109.25965,9100.0,intermountain,6.67
1119:WY:SNTL,Blackhall Mtn,WY,41.05623,-106.714,9830.0,continental,8.75
350:WY:SNTL,Blackwater,WY,44.37667,-109.79333,9830.0,intermountain,8.89
353:WY:SNTL,Blind Bull Sum,WY,42.96413,-110.60992,8880.0,intermountain,7.75
358:WY:SNTL,Bone Springs Div,WY,44.67881,-107.5811,9340.0,intermountain,10.0
367:WY:SNTL,Brooklyn Lake,WY,41.36038,-106.23038,10250.0,intermountain,5.5
377:WY:SNTL,Burgess Junction,WY,44.78765,-107.52917,7910.0,intermountain,10.0
379:WY:SNTL,Burroughs Creek,WY,43.69733,-109.67021,8760.0,unknown,8.0
384:WY:SNTL,Canyon,WY,44.71961,-110.51084,7870.0,intermountain,10.0
389:WY:SNTL,Casper Mtn.,WY,42.73362,-106.31789,7940.0,intermountain,5.0
1130:WY:SNTL,Castle Creek,WY,43.6748,-109.3774,8410.0,intermountain,10.0
1046:WY:SNTL,Cinnabar Park,WY,41.23843,-106.23101,9670.0,intermountain,10.0
402:WY:SNTL,Cloud Peak Reservoir,WY,44.40328,-107.06074,9830.0,intermountain,10.0
405:WY:SNTL,Cold Springs,WY,43.27676,-109.44585,9640.0,intermountain,8.57
982:WY:SNTL,Cole Canyon,WY,44.48632,-104.41057,5930.0,intermountain,6.67
419:WY:SNTL,Cottonwood Creek,WY,42.6459,-110.81482,7710.0,intermountain,7.5
1045:WY:SNTL,Crow Creek,WY,41.22824,-105.38571,8320.0,intermountain,10.0
923:WY:SNTL,Deer Park,WY,42.59076,-108.90273,9690.0,intermountain,8.29
449:WY:SNTL,Divide Peak,WY,41.30399,-107.15255,8700.0,intermountain,10.0
451:WY:SNTL,Dome Lake,WY,44.57462,-107.29537,8890.0,intermountain,10.0
460:WY:SNTL,East Rim Divide,WY,43.13097,-110.2023,8010.0,intermountain,6.67
468:WY:SNTL,Elkhart Park G.S.,WY,43.00657,-109.75893,9410.0,intermountain,6.33
472:WY:SNTL,Evening Star,WY,44.65258,-109.78422,9030.0,intermountain,8.09
1082:WY:SNTL,Grand Targhee,WY,43.77933,-110.92783,9260.0,intermountain,7.5
497:WY:SNTL,Granite Creek,WY,43.34298,-110.43495,6770.0,intermountain,10.0
499:WY:SNTL,Grassy Lake,WY,44.12602,-110.83429,7330.0,unknown,7.78
501:WY:SNTL,Grave Springs,WY,43.46643,-107.23977,8560.0,intermountain,10.0
506:WY:SNTL,Gros Ventre Summit,WY,43.38939,-110.12943,8760.0,intermountain,10.0
944:WY:SNTL,Gunsight Pass,WY,43.38332,-109.87815,9820.0,intermountain,10.0
509:WY:SNTL,Hams Fork,WY,42.146,-110.67833,7860.0,intermountain,5.28
512:WY:SNTL,Hanson Sawmill,WY,44.25602,-106.97983,8360.0,intermountain,10.0
525:WY:SNTL,Hobbs Park,WY,42.86984,-109.09455,10080.0,intermountain,7.5
544:WY:SNTL,Indian Creek,WY,42.30023,-110.67753,9400.0,intermountain,6.67
554:WY:SNTL,Kelley R.S.,WY,42.26554,-110.80181,8240.0,unknown,5.45
555:WY:SNTL,Kendall R.S.,WY,43.24922,-110.01671,7790.0,intermountain,9.29
560:WY:SNTL,Kirwin,WY,43.86067,-109.32163,9580.0,intermountain,10.0
571:WY:SNTL,Laprele Creek,WY,42.43566,-105.86051,8370.0,intermountain,10.0
1134:WY:SNTL,Larsen Creek,WY,42.58019,-109.08829,8880.0,intermountain,7.5
577:WY:SNTL,Lewis Lake Divide,WY,44.20862,-110.66628,7880.0,intermountain,6.0
1131:WY:SNTL,Little Goose,WY,44.54315,-107.17865,8560.0,intermountain,10.0
1047:WY:SNTL,Little Snake River,WY,41.07051,-106.94284,8930.0,intermountain,8.99
585:WY:SNTL,Little Warm,WY,43.50278,-109.752,9370.0,intermountain,10.0
597:WY:SNTL,Loomis Park,WY,43.17387,-110.14007,8240.0,intermountain,9.5
616:WY:SNTL,Marquette,WY,44.3016,-109.24019,8800.0,intermountain,10.0
1196:WY:SNTL,Med Bow,WY,41.37833,-106.34697,10500.0,unknown,10.0
625:WY:SNTL,Middle Powder,WY,43.62733,-107.18152,7760.0,intermountain,8.44
661:WY:SNTL,New Fork Lake,WY,43.11265,-109.94947,8380.0,intermountain,10.0
668:WY:SNTL,North French Creek,WY,41.33087,-106.37558,10150.0,intermountain,6.67
673:WY:SNTL,Old Battle,WY,41.15426,-106.96926,9840.0,intermountain,9.17
676:WY:SNTL,Owl Creek,WY,43.65868,-109.00988,8990.0,intermountain,10.0
683:WY:SNTL,Parker Peak,WY,44.73396,-109.91484,9420.0,unknown,7.5
689:WY:SNTL,Phillips Bench,WY,43.51687,-110.91258,8170.0,intermountain,10.0
1133:WY:SNTL,Pocket Creek,WY,42.7121,-109.4112,9370.0,unknown,13.0
703:WY:SNTL,Powder River Pass,WY,44.16188,-107.12622,9480.0,intermountain,10.0
716:WY:SNTL,Reno Hill,WY,42.57089,-106.08969,8410.0,intermountain,10.0
1015:WY:SNTL,Sage Creek Basin,WY,41.40107,-107.2574,7830.0,intermountain,10.0
730:WY:SNTL,Salt River Summit,WY,42.5075,-110.9099,7630.0,intermountain,7.5
731:WY:SNTL,Sand Lake,WY,41.4625,-106.281,10080.0,unknown,10.0
732:WY:SNTL,Sandstone RS,WY,41.11179,-107.17043,8150.0,intermountain,7.5
751:WY:SNTL,Shell Creek,WY,44.50012,-107.42947,9570.0,intermountain,10.0
764:WY:SNTL,Snake River Station,WY,44.13361,-110.66917,6900.0,intermountain,10.0
765:WY:SNTL,Snider Basin,WY,42.4949,-110.53203,8080.0,maritime,7.07
1132:WY:SNTL,Soldier Park,WY,44.34847,-107.0136,8680.0,intermountain,10.0
772:WY:SNTL,South Brush Creek,WY,41.3295,-106.5025,8480.0,intermountain,10.0
775:WY:SNTL,South Pass,WY,42.57314,-108.84324,9040.0,intermountain,8.33
779:WY:SNTL,Spring Creek Divide,WY,42.52516,-110.66148,9020.0,intermountain,10.0
786:WY:SNTL,St. Lawrence Alt,WY,43.03312,-109.17021,8610.0,intermountain,13.0
798:WY:SNTL,Sucker Creek,WY,44.72279,-107.40035,8840.0,intermountain,10.71
806:WY:SNTL,Sylvan Lake,WY,44.47764,-110.15651,8440.0,intermountain,7.33
807:WY:SNTL,Sylvan Road,WY,44.47825,-110.03808,7140.0,intermountain,7.5
816:WY:SNTL,Thumb Divide,WY,44.36917,-110.57717,7970.0,intermountain,5.0
818:WY:SNTL,Tie Creek,WY,44.81243,-107.41017,7050.0,intermountain,10.0
819:WY:SNTL,Timber Creek,WY,44.0274,-109.17879,7910.0,intermountain,13.0
822:WY:SNTL,Togwotee Pass,WY,43.74902,-110.0578,9590.0,intermountain,7.5
826:WY:SNTL,Townsend Creek,WY,42.69525,-108.89572,8720.0,intermountain,10.0
831:WY:SNTL,Triple Peak,WY,42.76393,-110.5914,8520.0,intermountain,8.0
837:WY:SNTL,Two Ocean Plateau,WY,44.15178,-110.22122,9240.0,intermountain,6.83
852:WY:SNTL,Webber Springs,WY,41.1591,-106.92809,9250.0,intermountain,10.0
859:WY:SNTL,Whiskey Park,WY,41.00368,-106.90795,8950.0,intermountain,7.78
868:WY:SNTL,Willow Creek,WY,42.81513,-110.83515,8060.0,intermountain,6.67
872:WY:SNTL,Windy Peak,WY,42.27991,-105.57782,7890.0,unknown,10.0
875:WY:SNTL,Wolverine,WY,44.80417,-109.657,7660.0,maritime,10.0
878:WY:SNTL,Younts Peak,WY,43.93225,-109.81775,8340.0,unknown,5.71
